N°,FECHA,RAZON SOCIAL,PRECIO,VEHICULO_TIPO,PLACA_TIPO,SERVICIO_TIPO,TIPO DE PAGO,Nombre Día
6,2025-07-01 00:00:00,KIA SPORTAGE,15,CAMIONETA,BXG-270,STANDAR,YAPE,martes
2,2025-07-01 00:00:00,HYUNDAI GRIS,25,CAMIONETA,B2J-013,STANDAR,EFECTIVO,martes
4,2025-07-01 00:00:00,,40,CAMIONETA,BZJ-746,STANDAR,EFECTIVO,martes
3,2025-07-01 00:00:00,LINEAL CELESTE,8,MOTO,2639-7A,STANDAR,YAPE,martes
1,2025-07-01 00:00:00,LINEAL PULSAR NEGRA,8,MOTO,4274-7V,STANDAR,YAPE,martes
7,2025-07-01 00:00:00,LINEAL NARANJA,10,MOTO,2621-JC,STANDAR,YAPE,martes
5,2025-07-01 00:00:00,AZUL,12,MOTO TAXI,PLACA DESCONOCIDA,STANDAR,YAPE,martes
13,2025-07-02 00:00:00,TOYOTA PLOMO,35,CAMIONETA,M6L-413,STANDAR,EFECTIVO,miércoles
15,2025-07-02 00:00:00,KIA RIO NEGRO,15,CARRO,C2G-346,STANDAR,EFECTIVO,miércoles
16,2025-07-02 00:00:00,LINEAL NEGRA,8,MOTO,5668-MP,STANDAR,EFECTIVO,miércoles
11,2025-07-02 00:00:00,LINEAL AZUL,9,MOTO,3355-XB,STANDAR,EFECTIVO,miércoles
8,2025-07-02 00:00:00,AZUL,12,MOTO TAXI,2605-5A,STANDAR,EFECTIVO,miércoles
12,2025-07-02 00:00:00,,0,CAMIONETA,ATZ-666,PREMIUM,,miércoles
14,2025-07-02 00:00:00,JEPTOUR MORADA,45,CAMIONETA,CKH-295,PREMIUM,YAPE,miércoles
9,2025-07-02 00:00:00,KIA PICANTO NEGRO,55,CARRO,T2C-279,PREMIUM,EFECTIVO,miércoles
10,2025-07-02 00:00:00,HYUNDAI VERNA ROJO,20,CARRO,BUJ-572,EXPRESS,EFECTIVO,miércoles
17,2025-07-03 00:00:00,SUBARU GRIS,35,CAMIONETA,AMG-156,STANDAR,EFECTIVO,jueves
18,2025-07-03 00:00:00,KIA CERATO NEGRO,55,CARRO,ALW-676,STANDAR,YAPE,jueves
21,2025-07-03 00:00:00,LINEAL NEGRA,9,MOTO,PLACA DESCONOCIDA,STANDAR,YAPE,jueves
19,2025-07-03 00:00:00,GRIS,35,CAMIONETA,BCA-462,PREMIUM,YAPE,jueves
20,2025-07-03 00:00:00,MERCEDES GLA 200,50,CAMIONETA,ATG-289,PREMIUM,YAPE,jueves
23,2025-07-04 00:00:00,FORD BLANCA,25,CAMIONETA,CJW-498,STANDAR,EFECTIVO,viernes
28,2025-07-04 00:00:00,JEEP ROJA,25,CAMIONETA,RGG-350,STANDAR,YAPE,viernes
25,2025-07-04 00:00:00,LINEAL NEGRA,9,MOTO,1973-CA,STANDAR,YAPE,viernes
24,2025-07-04 00:00:00,LINEAL NEGRA,10,MOTO,PLACA DESCONOCIDA,STANDAR,YAPE,viernes
22,2025-07-04 00:00:00,BLANCA,20,MINIVAN,PLACA DESCONOCIDA,STANDAR,EFECTIVO,viernes
26,2025-07-04 00:00:00,HONDA CR-V NEGRA,15,CAMIONETA,PLACA DESCONOCIDA,EXPRESS,EFECTIVO,viernes
29,2025-07-04 00:00:00,TOYOTA RUSH,15,CAMIONETA,CSE-570,EXPRESS,EFECTIVO,viernes
27,2025-07-04 00:00:00,KIA SPORTAGE ROJA,220,CAMIONETA,BRH-432,LAVADO DE SALON,EFECTIVO,viernes
34,2025-07-05 00:00:00,GRIS,25,CAMIONETA,BLH-034,STANDAR,YAPE,sábado
33,2025-07-05 00:00:00,GRIS,20,CARRO,CSF-345,STANDAR,EFECTIVO,sábado
31,2025-07-05 00:00:00,KIA PICANTO MARRÒN,20,CARRO,AVV-148,STANDAR,YAPE,sábado
32,2025-07-05 00:00:00,ROJA,12,MOTO TAXI,7216-6A,STANDAR,EFECTIVO,sábado
30,2025-07-05 00:00:00,CHEVROLET ROJA,50,CAMIONETA,PLACA DESCONOCIDA,PREMIUM,YAPE,sábado
35,2025-07-05 00:00:00,SOLO LLANTAS,2,MOTO TAXI,PLACA DESCONOCIDA,EXPRESS,EFECTIVO,sábado
45,2025-07-06 00:00:00,GRIS,20,CAMIONETA,F7K-245,STANDAR,EFECTIVO,domingo
38,2025-07-06 00:00:00,NEGRA,20,CAMIONETA,BVF-453,STANDAR,YAPE,domingo
36,2025-07-06 00:00:00,ROJA,20,CAMIONETA,CLH-370,STANDAR,EFECTIVO,domingo
44,2025-07-06 00:00:00,AZUL,25,CAMIONETA,CPK-530,STANDAR,EFECTIVO,domingo
39,2025-07-06 00:00:00,BLANCA,25,CAMIONETA,BCY-30S,STANDAR,YAPE,domingo
47,2025-07-06 00:00:00,,20,CARRO,PLACA DESCONOCIDA,STANDAR,EFECTIVO,domingo
37,2025-07-06 00:00:00,LINEAL RODRIGO,0,MOTO,PLACA DESCONOCIDA,STANDAR,VAGAZO,domingo
49,2025-07-06 00:00:00,LINEAL EZIO,9,MOTO,5668-MP,STANDAR,YAPE,domingo
42,2025-07-06 00:00:00,,10,MOTO,0533-NB,STANDAR,YAPE,domingo
40,2025-07-06 00:00:00,LINEAL,10,MOTO,PLACA DESCONOCIDA,STANDAR,YAPE,domingo
48,2025-07-06 00:00:00,LINEAL,10,MOTO,CRJ-223,STANDAR,YAPE,domingo
43,2025-07-06 00:00:00,BLANCA,45,CAMIONETA,BBJ-074,PREMIUM,YAPE,domingo
41,2025-07-06 00:00:00,GRIS,45,CARRO,ARB-243,PREMIUM,YAPE,domingo
46,2025-07-06 00:00:00,NEGRO,15,CARRO,PLACA DESCONOCIDA,EXPRESS,EFECTIVO,domingo
55,2025-07-07 00:00:00,MAZDA,20,CAMIONETA,ASJ-285,STANDAR,YAPE,lunes
52,2025-07-07 00:00:00,HYUNDAI TUCSSON,30,CAMIONETA,A8X-419,STANDAR,EFECTIVO,lunes
58,2025-07-07 00:00:00,,25,CARRO,BZH-356,STANDAR,YAPE,lunes
53,2025-07-07 00:00:00,CHEVROLET NEGRO,30,CARRO,D8Q-459,STANDAR,EFECTIVO,lunes
60,2025-07-07 00:00:00,KIA RIO NEGRO,40,CARRO,T2C-279,STANDAR,EFECTIVO,lunes
56,2025-07-07 00:00:00,LINEAL HONDA NAVI,8,MOTO,2134-VC,STANDAR,EFECTIVO,lunes
57,2025-07-07 00:00:00,LINEAL,10,MOTO,6462-9A,STANDAR,YAPE,lunes
59,2025-07-07 00:00:00,,45,CAMIONETA,CEK-557,PREMIUM,YAPE,lunes
51,2025-07-07 00:00:00,HYUNDAI ACCENT,45,CARRO,B9T-118,PREMIUM,YAPE,lunes
50,2025-07-07 00:00:00,KIA SPORTAGE,70,CAMIONETA,BRF-690,BLACK,EFECTIVO,lunes
54,2025-07-07 00:00:00,PLOMA,25,MINIVAN,BAQ-150,EXPRESS,YAPE,lunes
63,2025-07-08 00:00:00,FORD,30,CAMIONETA,PLACA DESCONOCIDA,STANDAR,YAPE,martes
61,2025-07-08 00:00:00,SUZUKI CREMA,20,CARRO,PLACA DESCONOCIDA,STANDAR,EFECTIVO,martes
62,2025-07-08 00:00:00,MAZDA ROJO,110,CARRO,C4Z-096,BLACK,YAPE,martes
67,2025-07-09 00:00:00,MAZDA BLANCO,25,CAMIONETA,CC0-716,STANDAR,EFECTIVO,miércoles
65,2025-07-09 00:00:00,SUV MAZDA,25,CAMIONETA,BJF-280,STANDAR,YAPE,miércoles
64,2025-07-09 00:00:00,JAC PLOMO,20,CARRO,BUS-316,STANDAR,EFECTIVO,miércoles
66,2025-07-09 00:00:00,,12,MOTO TAXI,5931-AC,STANDAR,YAPE 6 -EFECTIVO 6,miércoles
70,2025-07-10 00:00:00,KIA NEGRO,15,CARRO,C2G-346,STANDAR,EFECTIVO,jueves
68,2025-07-10 00:00:00,LINEAL BLANCA,10,MOTO,PLACA DESCONOCIDA,STANDAR,EFECTIVO,jueves
69,2025-07-10 00:00:00,CRETA,50,CAMIONETA,PLACA DESCONOCIDA,PREMIUM,YAPE,jueves
74,2025-07-11 00:00:00,HONDA NEGRA,25,CAMIONETA,F4S-553,STANDAR,YAPE,viernes
77,2025-07-11 00:00:00,HYUNDAI SANTA FE,30,CAMIONETA,PLACA DESCONOCIDA,STANDAR,YAPE,viernes
78,2025-07-11 00:00:00,SUZUKI VITARA,30,CAMIONETA,BRV-370,STANDAR,EFECTIVO,viernes
73,2025-07-11 00:00:00,LINEAL NAVI BLANCA,8,MOTO,PLACA DESCONOCIDA,STANDAR,EFECTIVO,viernes
72,2025-07-11 00:00:00,LINEAL NEGRA LLAMAFOOD,8,MOTO,PLACA DESCONOCIDA,STANDAR,EFECTIVO,viernes
71,2025-07-11 00:00:00,HONDA ROJA,40,CAMIONETA,BKA-552,PREMIUM,EFECTIVO,viernes
76,2025-07-11 00:00:00,TOYOTA YARIS,45,CARRO,PLACA DESCONOCIDA,PREMIUM,EFECTIVO,viernes
75,2025-07-11 00:00:00,HYUNDAI ACCENT PLOMO,75,CARRO,FON-217,BLACK,YAPE,viernes
80,2025-07-11 00:00:00,KIA PICANTO NEGRO,13,CARRO,T2C-279,EXPRESS,EFECTIVO,viernes
79,2025-07-11 00:00:00,NISSAN SENTRA ROJO,13,CARRO,PLACA DESCONOCIDA,EXPRESS,EFECTIVO,viernes
91,2025-07-12 00:00:00,JIM BLANCA,20,CAMIONETA,CDB-735,STANDAR,EFECTIVO,sábado
88,2025-07-12 00:00:00,LINEAL SENDA NEGRA,10,MOTO,PLACA DESCONOCIDA,STANDAR,EFECTIVO,sábado
86,2025-07-12 00:00:00,,12,MOTO TAXI,PLACA DESCONOCIDA,STANDAR,EFECTIVO,sábado
87,2025-07-12 00:00:00,HONDA CR-V,40,CAMIONETA,B35-341,PREMIUM,PANADERIA PASTELERIA LA ESTRELLA,sábado
90,2025-07-12 00:00:00,DUSTER PLOMA,45,CAMIONETA,AZG-662,PREMIUM,DIANA,sábado
82,2025-07-12 00:00:00,HYUNDAI TUCSSON VERDE,45,CAMIONETA,PLACA DESCONOCIDA,PREMIUM,EFECTIVO,sábado
84,2025-07-12 00:00:00,MAZDA NEGRO,50,CARRO,PLACA DESCONOCIDA,PREMIUM,EFECTIVO,sábado
83,2025-07-12 00:00:00,MERCEDES GLA 200,80,CAMIONETA,ATG-289,BLACK,EFECTIVO,sábado
81,2025-07-12 00:00:00,HONDA,90,CAMIONETA,BYU-454,BLACK,YAPE,sábado
85,2025-07-12 00:00:00,FORD NEGRA,15,CAMIONETA,BXS-390,EXPRESS,EFECTIVO,sábado
89,2025-07-12 00:00:00,HYUNDAI CRETA,15,CAMIONETA,PLACA DESCONOCIDA,EXPRESS,EFECTIVO,sábado
98,2025-07-13 00:00:00,ROJA,20,CAMIONETA,CLH-370,STANDAR,EFECTIVO,domingo
101,2025-07-13 00:00:00,,25,CAMIONETA,CDO-068,STANDAR,YAPE,domingo
93,2025-07-13 00:00:00,TOYOTA RUSH ROJA,25,CAMIONETA,CLT-199,STANDAR,YAPE,domingo
97,2025-07-13 00:00:00,KIA RIO NEGRO,15,CARRO,C2G-346,STANDAR,EFECTIVO,domingo
94,2025-07-13 00:00:00,HYUNDAI,20,CARRO,BVX-360,STANDAR,EFECTIVO,domingo
99,2025-07-13 00:00:00,NEGRO,30,CARRO,BZH-356,STANDAR,EFECTIVO,domingo
100,2025-07-13 00:00:00,LINEAL,10,MOTO,PLACA DESCONOCIDA,STANDAR,YAPE,domingo
96,2025-07-13 00:00:00,BLANCA,40,CAMIONETA,CAD-446,PREMIUM,EFECTIVO,domingo
92,2025-07-13 00:00:00,HYUNDAI CRETA,45,CAMIONETA,CCG-473,PREMIUM,YAPE,domingo
95,2025-07-13 00:00:00,,15,CARRO,BRB-277,EXPRESS,EFECTIVO,domingo
103,2025-07-14 00:00:00,BLANCO,30,CARRO,ANE-644,STANDAR,YAPE,lunes
102,2025-07-14 00:00:00,AZUL,12,MOTO TAXI,PLACA DESCONOCIDA,STANDAR,EFECTIVO,lunes
104,2025-07-14 00:00:00,GRIS,45,VEHICULO NO CONOCIDO,COI-161,PREMIUM,EFECTIVO,lunes
106,2025-07-15 00:00:00,AZUL,12,MOTO TAXI,8491-2D,STANDAR,EFECTIVO-YAPE,martes
107,2025-07-15 00:00:00,HYUNDAI TUCSSON BLANCA,45,CAMIONETA,PLACA DESCONOCIDA,PREMIUM,YAPE,martes
105,2025-07-15 00:00:00,JEPTOUR MORADA,50,CAMIONETA,CKH-295,PREMIUM,YAPE,martes
110,2025-07-16 00:00:00,HAVAL BLANCA,20,CAMIONETA,PLACA DESCONOCIDA,STANDAR,YAPE,miércoles
108,2025-07-16 00:00:00,BLANCA,25,CAMIONETA,AZX-143,STANDAR,EFECTIVO-YAPE,miércoles
111,2025-07-16 00:00:00,GRIS,20,CARRO,BDG-608,STANDAR,YAPE DEBE,miércoles
109,2025-07-16 00:00:00,STEYCHON AZUL,20,CARRO,PLACA DESCONOCIDA,STANDAR,EFECTIVO,miércoles
114,2025-07-17 00:00:00,GRIS,25,CAMIONETA,BCA-462,STANDAR,YAPE,jueves
116,2025-07-17 00:00:00,GRIS,50,CAMIONETA,BRF-690,STANDAR,YAPE,jueves
113,2025-07-17 00:00:00,MAZDA NEGRO,30,CARRO,D2A-109,STANDAR,EFECTIVO,jueves
112,2025-07-17 00:00:00,NEGRO,30,CARRO,PLACA DESCONOCIDA,STANDAR,YAPE,jueves
117,2025-07-17 00:00:00,LINEAL LLAMAFOOD,8,MOTO,PLACA DESCONOCIDA,STANDAR,EFECTIVO,jueves
115,2025-07-17 00:00:00,LINEAL,10,MOTO,PLACA DESCONOCIDA,STANDAR,EFECTIVO,jueves
118,2025-07-17 00:00:00,LINEAL,10,MOTO,PLACA DESCONOCIDA,STANDAR,YAPE,jueves
120,2025-07-17 00:00:00,BLANCA,50,CAMIONETA,CPL-606,PREMIUM,EFECTIVO,jueves
119,2025-07-17 00:00:00,,10,MINIVAN,PLACA DESCONOCIDA,EXPRESS,EFECTIVO,jueves
121,2025-07-18 00:00:00,NISSAN GRIS,20,CAMIONETA,BJG-158,STANDAR,EFECTIVO,viernes
123,2025-07-18 00:00:00,KIA NEGRO,30,CARRO,T2C-279,STANDAR,YAPE,viernes
122,2025-07-18 00:00:00,ROJO,30,CARRO,ADZ-060,STANDAR,YAPE,viernes
126,2025-07-18 00:00:00,LINEAL,8,MOTO,PLACA DESCONOCIDA,STANDAR,EFECTIVO,viernes
125,2025-07-18 00:00:00,LINEAL LLAMAFOOD,8,MOTO,PLACA DESCONOCIDA,STANDAR,EFECTIVO,viernes
124,2025-07-18 00:00:00,KIA SPORTAGE,50,CAMIONETA,CSE-172,PREMIUM,EFECTIVO,viernes
128,2025-07-19 00:00:00,MITSUBICHI GRIS,25,CAMIONETA,B90-418,STANDAR,EFECTIVO,sábado
139,2025-07-19 00:00:00,HYUNDAI GRAND I 10 BLANCO,15,CARRO,PLACA DESCONOCIDA,STANDAR,YAPE,sábado
127,2025-07-19 00:00:00,HYUNDAI ROJO,20,CARRO,BUJ-572,STANDAR,EFECTIVO,sábado
141,2025-07-19 00:00:00,HYUNDAI VELOZTER,20,CARRO,D9V-02,STANDAR,EFECTIVO,sábado
129,2025-07-19 00:00:00,KIA PICANTO,20,CARRO,AVV-148,STANDAR,YAPE,sábado
138,2025-07-19 00:00:00,ROJO,20,CARRO,B3V-105,STANDAR,EFECTIVO,sábado
133,2025-07-19 00:00:00,TOYOTA,20,CARRO,BH5-371,STANDAR,YAPE,sábado
140,2025-07-19 00:00:00,AUDI AZUL,30,CARRO,ARO-236,STANDAR,EFECTIVO,sábado
131,2025-07-19 00:00:00,LINEAL,10,MOTO,PLACA DESCONOCIDA,STANDAR,YAPE,sábado
132,2025-07-19 00:00:00,LINEAL,10,MOTO,PLACA DESCONOCIDA,STANDAR,EFECTIVO,sábado
137,2025-07-19 00:00:00,LINEAL SENDA NEGRA,12,MOTO,PLACA DESCONOCIDA,STANDAR,EFECTIVO,sábado
130,2025-07-19 00:00:00,,12,MOTO TAXI,9957-7F,STANDAR,YAPE,sábado
136,2025-07-19 00:00:00,NISSAN ROJO,45,CAMIONETA,CMY-672,PREMIUM,EFECTIVO,sábado
135,2025-07-19 00:00:00,CHANGAN WIGO BLANCO,50,CAMIONETA,CNT-352,PREMIUM,YAPE,sábado
134,2025-07-19 00:00:00,CHEVROLET ROJO,45,CARRO,D30-261,PREMIUM,YAPE,sábado
144,2025-07-20 00:00:00,PLOMO,20,CAMIONETA,PLACA DESCONOCIDA,STANDAR,EFECTIVO,domingo
146,2025-07-20 00:00:00,,35,CAMIONETA,U1E-276,STANDAR,EFECTIVO,domingo
142,2025-07-20 00:00:00,GRIS,20,CARRO,PLACA DESCONOCIDA,STANDAR,YAPE,domingo
145,2025-07-20 00:00:00,KIA,20,CARRO,CAI-604,STANDAR,EFECTIVO,domingo
147,2025-07-20 00:00:00,LINEAL,10,MOTO,PLACA DESCONOCIDA,STANDAR,YAPE,domingo
148,2025-07-20 00:00:00,ROJA,20,CAMIONETA,PLACA DESCONOCIDA,PREMIUM,EFECTIVO,domingo
143,2025-07-20 00:00:00,PLOMO,75,CAMIONETA,CP5-209,PREMIUM,EFECTIVO,domingo
153,2025-07-21 00:00:00,BLANCA,25,CAMIONETA,BCY-305,STANDAR,YAPE,lunes
154,2025-07-21 00:00:00,ROJA,25,CAMIONETA,CCO-692,STANDAR,EFECTIVO,lunes
152,2025-07-21 00:00:00,NEGRO,20,CARRO,PLACA DESCONOCIDA,STANDAR,YAPE,lunes
155,2025-07-21 00:00:00,BRANCO,20,VEHICULO NO CONOCIDO,PLACA DESCONOCIDA,STANDAR,YAPE,lunes
149,2025-07-21 00:00:00,LINEAL,10,MOTO,0464-BB,STANDAR,YAPE,lunes
151,2025-07-21 00:00:00,,12,MOTO,PLACA DESCONOCIDA,STANDAR,EFECTIVO,lunes
150,2025-07-21 00:00:00,BLANCA,45,CAMIONETA,APA-751,PREMIUM,EFECTIVO,lunes
156,2025-07-21 00:00:00,BLANCO,15,CAMIONETA,PLACA DESCONOCIDA,EXPRESS,EFECTIVO,lunes
162,2025-07-22 00:00:00,NISSAN FRONTIER BLANCA,20,CAMIONETA,CER-822,STANDAR,EFECTIVO,martes
163,2025-07-22 00:00:00,AZUL,25,CAMIONETA,PLACA DESCONOCIDA,STANDAR,YAPE,martes
159,2025-07-22 00:00:00,HYUNDAI SANTA FE,25,CAMIONETA,BJJ-333,STANDAR,EFECTIVO,martes
161,2025-07-22 00:00:00,KIA RIO NEGRO,15,CARRO,C2G-346,STANDAR,EFECTIVO,martes
157,2025-07-22 00:00:00,HYUNDAI ACCENT NEGRO,20,CARRO,CRJ-223,STANDAR,YAPE,martes
160,2025-07-22 00:00:00,LINEAL ROJA,10,MOTO,5599-RA,STANDAR,YAPE,martes
158,2025-07-22 00:00:00,MITSUBICHI BLANCA,15,CAMIONETA,PLACA DESCONOCIDA,EXPRESS,YAPE,martes
167,2025-07-23 00:00:00,CELESTE,25,CAMIONETA,PLACA DESCONOCIDA,STANDAR,EFECTIVO,miércoles
168,2025-07-23 00:00:00,TOYOTA NEGRO,30,CARRO,A7Q-532,STANDAR,EFECTIVO,miércoles
165,2025-07-23 00:00:00,KIA RIO NEGRO,30,CARRO,PLACA DESCONOCIDA,PREMIUM,YAPE,miércoles
164,2025-07-23 00:00:00,AUDI RICAR A3,25,CARRO,AFX-122,EXPRESS,YAPE,miércoles
166,2025-07-23 00:00:00,FORD RANGER,250,CAMIONETA,AFC-728,LAVADO DE SALON,EFECTIVO,miércoles
169,2025-07-24 00:00:00,FORD RANGER,30,CAMIONETA,BHP-930,STANDAR,YAPE 25 - EFECTIVO 5,jueves
171,2025-07-24 00:00:00,SUBARU,35,CAMIONETA,AMG-156,PREMIUM,EFECTIVO,jueves
170,2025-07-24 00:00:00,JEPTOUR MORADA,50,CAMIONETA,CKH-295,PREMIUM,YAPE,jueves
175,2025-07-25 00:00:00,KIA SPORTAGE,25,CAMIONETA,ALE-416,STANDAR,YAPE,viernes
172,2025-07-25 00:00:00,WOLSVAGEN,25,CARRO,B3K-429,STANDAR,YAPE,viernes
176,2025-07-25 00:00:00,LINEAL HONDA NAVI,10,MOTO,7980-YB,STANDAR,YAPE,viernes
173,2025-07-25 00:00:00,KIA,45,CAMIONETA,BRF-690,PREMIUM,YAPE,viernes
174,2025-07-25 00:00:00,KIA SPORTAGE ROJA,45,CAMIONETA,BRH-432,PREMIUM,YAPE,viernes
177,2025-07-25 00:00:00,MAZDA ROJO,40,CARRO,C4Z-096,PREMIUM,YAPE,viernes
178,2025-07-25 00:00:00,TAXI(SÒLO LLANTAS),3,MOTO,PLACA DESCONOCIDA,EXPRESS,EFECTIVO,viernes
188,2025-07-26 00:00:00,FORD,25,CAMIONETA,BKI-765,STANDAR,EFECTIVO,sábado
182,2025-07-26 00:00:00,MAZDA,25,CAMIONETA,CJX-681,STANDAR,EFECTIVO,sábado
180,2025-07-26 00:00:00,SUZUKI,35,CAMIONETA,B16-559,STANDAR,EFECTIVO,sábado
190,2025-07-26 00:00:00,KIA,20,CARRO,ATO-035,STANDAR,YAPE,sábado
179,2025-07-26 00:00:00,MAZDA,20,CARRO,ASJ-285,STANDAR,YAPE,sábado
186,2025-07-26 00:00:00,CALDINA,35,CARRO,A70-306,STANDAR,EFECTIVO,sábado
181,2025-07-26 00:00:00,LINEAL,10,MOTO,PLACA DESCONOCIDA,STANDAR,EFECTIVO,sábado
185,2025-07-26 00:00:00,LINEAL,10,MOTO,4890-5C,STANDAR,EFECTIVO,sábado
183,2025-07-26 00:00:00,LINEAL PULSAR 160,10,MOTO,4627-AC,STANDAR,EFECTIVO,sábado
187,2025-07-26 00:00:00,LINEAL NEXUS 250,12,MOTO,7452-AD,STANDAR,EFECTIVO,sábado
184,2025-07-26 00:00:00,,50,CAMIONETA,CPL-606,PREMIUM,EFECTIVO,sábado
189,2025-07-26 00:00:00,RENAULT,15,CAMIONETA,AZ6-662,EXPRESS,YAPE,sábado
193,2025-07-27 00:00:00,NISSA,25,CAMIONETA,BUU-542,STANDAR,EFECTIVO,domingo
196,2025-07-27 00:00:00,PEUGEOT,35,CAMIONETA,BHH-912,STANDAR,EFECTIVO,domingo
195,2025-07-27 00:00:00,KIA RIO NEGRO,15,CARRO,C2G-346,STANDAR,EFECTIVO,domingo
194,2025-07-27 00:00:00,ROJO,20,CARRO,AAL-113,STANDAR,YAPE,domingo
192,2025-07-27 00:00:00,SAIL,20,CARRO,COY-674,STANDAR,YAPE,domingo
191,2025-07-27 00:00:00,RENAULT,25,CARRO,F4M-699,STANDAR,YAPE,domingo
199,2025-07-28 00:00:00,SUZUKI,20,CAMIONETA,CLH-370,STANDAR,EFECTIVO,lunes
198,2025-07-28 00:00:00,TUCSSON,25,CAMIONETA,B2J-013,STANDAR,EFECTIVO,lunes
203,2025-07-28 00:00:00,KIA,30,CARRO,BZH-356,STANDAR,YAPE,lunes
200,2025-07-28 00:00:00,LINEAL ROJA,10,MOTO,PLACA DESCONOCIDA,STANDAR,YAPE,lunes
197,2025-07-28 00:00:00,ROJA,12,MOTO TAXI,PLACA DESCONOCIDA,STANDAR,EFECTIVO,lunes
201,2025-07-28 00:00:00,NEGRO,40,CARRO,PLACA DESCONOCIDA,PREMIUM,EFECTIVO,lunes
202,2025-07-28 00:00:00,AUDI Q7,80,CAMIONETA,ADY-216,BLACK,YAPE,lunes
209,2025-07-29 00:00:00,SUZUKI BLANCA,25,CAMIONETA,CTO-540,STANDAR,YAPE,martes
205,2025-07-29 00:00:00,HYUNDAI ACCENT NEGRO,20,CARRO,ALD-573,STANDAR,YAPE,martes
208,2025-07-29 00:00:00,KIA RIO ROJO,20,CARRO,P3D-293,STANDAR,YAPE,martes
207,2025-07-29 00:00:00,BMW BLANCA,45,CAMIONETA,BBJ-074,PREMIUM,YAPE,martes
206,2025-07-29 00:00:00,CHEVROLET,15,CAMIONETA,CJV-626,EXPRESS,YAPE,martes
204,2025-07-29 00:00:00,ROJA,15,CAMIONETA,BVE-486,EXPRESS,YAPE,martes
211,2025-07-30 00:00:00,HONDA CR-V NEGRA,25,CAMIONETA,F4S-553,STANDAR,YAPE,miércoles
212,2025-07-30 00:00:00,HYUNDAI i10,20,CARRO,W3S-498,STANDAR,EFECTIVO,miércoles
210,2025-07-30 00:00:00,KIA RIO PLOMO,20,CARRO,BUZ-047,STANDAR,EFECTIVO,miércoles
214,2025-07-30 00:00:00,SUV CHEVROLET,35,CARRO,Z7B-031,STANDAR,EFECTIVO,miércoles
223,2025-07-31 00:00:00,MARRON,15,CAMIONETA,PLACA DESCONOCIDA,STANDAR,YAPE,jueves
218,2025-07-31 00:00:00,JAC PLOMO,20,CAMIONETA,BVF-453,STANDAR,EFECTIVO,jueves
215,2025-07-31 00:00:00,TOYOTA,25,CAMIONETA,PLACA DESCONOCIDA,STANDAR,EFECTIVO,jueves
221,2025-07-31 00:00:00,HYUNDAI CRETA BLANCA,35,CAMIONETA,BAZ-622,STANDAR,EFECTIVO,jueves
216,2025-07-31 00:00:00,MITSUBICHI BLANCA,35,CAMIONETA,BCY-305,STANDAR,YAPE,jueves
227,2025-07-31 00:00:00,KIA,15,CARRO,PLACA DESCONOCIDA,STANDAR,EFECTIVO,jueves
226,2025-07-31 00:00:00,TOYOTA BLANCO,20,CARRO,H2F-290,STANDAR,EFECTIVO,jueves
222,2025-07-31 00:00:00,TOYOTA ROJO,30,CARRO,T5V-390,STANDAR,YAPE,jueves
225,2025-07-31 00:00:00,LINEAL NEGRO,10,MOTO,PLACA DESCONOCIDA,STANDAR,EFECTIVO,jueves
224,2025-07-31 00:00:00,AZUL,12,MOTO TAXI,PLACA DESCONOCIDA,STANDAR,YAPE,jueves
229,2025-07-31 00:00:00,DONFEN PLOMA,40,CAMIONETA,CCW-921,PREMIUM,YAPE,jueves
219,2025-07-31 00:00:00,BMW PLOMO,45,CARRO,CPS-209,PREMIUM,EFECTIVO,jueves
220,2025-07-31 00:00:00,HYUNDAI PLOMO,45,CARRO,FON-217,PREMIUM,YAPE,jueves
228,2025-07-31 00:00:00,BCP,10,VEHICULO NO CONOCIDO,PLACA DESCONOCIDA,EXPRESS,YAPE,jueves
7,2025-08-01 00:00:00,KIA SORENTO GRIS + CERA,35,CAMIONETA,D1M-381,STANDAR,YAPE,viernes
6,2025-08-01 00:00:00,TOYOTA ETIOS NEGRO,20,CARRO,BAE-539,STANDAR,EFECTIVO,viernes
1,2025-08-01 00:00:00,TOYOTA PLOMO,20,CARRO,PLACA DESCONOCIDA,STANDAR,YAPE,viernes
9,2025-08-01 00:00:00,CHANGAN BLANCA,50,CAMIONETA,CMB-623,PREMIUM,YAPE,viernes
8,2025-08-01 00:00:00,JAC,15,CAMIONETA,BP2-228,EXPRESS,YAPE,viernes
11,2025-08-02 00:00:00,FORD RANGER,25,CAMIONETA,BKI-765,STANDAR,YAPE,sábado
13,2025-08-02 00:00:00,KIA SPORTAGE AZUL,25,CAMIONETA,BRF-690,STANDAR,YAPE,sábado
17,2025-08-02 00:00:00,JAC ROJO,20,CARRO,BRB-277,STANDAR,EFECTIVO,sábado
19,2025-08-02 00:00:00,MAZDA,20,CARRO,C42-096,STANDAR,YAPE,sábado
12,2025-08-02 00:00:00,KIA RIO + CERA,30,CARRO,BZH-356,STANDAR,YAPE,sábado
15,2025-08-02 00:00:00,SUBARU NEGRO+CERA,30,CARRO,AOZ-563,STANDAR,YAPE,sábado
14,2025-08-02 00:00:00,KIA SPORTAGE ROJA,45,CAMIONETA,BRH-432,PREMIUM,YAPE,sábado
16,2025-08-02 00:00:00,HONDA DORADA,50,CAMIONETA,B35-341,PREMIUM,EFECTIVO,sábado
10,2025-08-02 00:00:00,HONDA PILOT,50,CAMIONETA,F5H-559,PREMIUM,YAPE,sábado
21,2025-08-02 00:00:00,NISSAN,15,CAMIONETA,PLACA DESCONOCIDA,EXPRESS,EFECTIVO,sábado
22,2025-08-03 00:00:00,HONDA,25,CAMIONETA,A8X-419,STANDAR,EFECTIVO,domingo
25,2025-08-03 00:00:00,KIA SPORTAGE,25,CAMIONETA,ARL-485,STANDAR,EFECTIVO,domingo
23,2025-08-03 00:00:00,SUZUKI,20,CARRO,AXJ-506,STANDAR,EFECTIVO,domingo
27,2025-08-03 00:00:00,KIA SPORTAJE,35,CAMIONETA,U1E-276,PREMIUM,EFECTIVO,domingo
32,2025-08-04 00:00:00,ROJA,20,CAMIONETA,CLH-370,STANDAR,EFECTIVO,lunes
31,2025-08-04 00:00:00,GRIS FORD,25,CAMIONETA,DOE-643,STANDAR,EFECTIVO,lunes
28,2025-08-04 00:00:00,ROJA + CERA,35,CAMIONETA,CMN-434,STANDAR,YAPE,lunes
34,2025-08-04 00:00:00,KIA RIO,15,CARRO,C2G-346,STANDAR,EFECTIVO,lunes
29,2025-08-04 00:00:00,GRIS,20,CARRO,BJG-158,STANDAR,EFECTIVO,lunes
30,2025-08-04 00:00:00,GRIS(SOLO AGUA),10,CAMIONETA,CEH-391,EXPRESS,EFECTIVO,lunes
37,2025-08-05 00:00:00,BLANCA JMC,0,CAMIONETA,AVO-737,STANDAR,GRATIS,martes
36,2025-08-05 00:00:00,GRIS,20,CAMIONETA,ABE-453,STANDAR,YAPE,martes
42,2025-08-05 00:00:00,HONDA,20,CAMIONETA,B4Q-063,STANDAR,YAPE,martes
41,2025-08-05 00:00:00,JEPTOUR MORADA,45,CAMIONETA,CKH-295,PREMIUM,YAPE,martes
43,2025-08-05 00:00:00,SUBARU CELESTE,80,CAMIONETA,ATH-463,BLACK,EFECTIVO,martes
38,2025-08-05 00:00:00,GRIS + CERA,30,CAMIONETA,BXY-763,EXPRESS,EFECTIVO,martes
40,2025-08-05 00:00:00,HONDA CR-V NEGRO,15,CARRO,F45-553,EXPRESS,YAPE,martes
47,2025-08-06 00:00:00,GRIS,30,CAMIONETA,BAV-425,STANDAR,YAPE,miércoles
45,2025-08-06 00:00:00,GRIS + CERA,35,CAMIONETA,BJD-759,STANDAR,YAPE,miércoles
44,2025-08-06 00:00:00,NEGRO,20,CARRO,ALD-543,STANDAR,EFECTIVO,miércoles
49,2025-08-06 00:00:00,. + CERA,25,CARRO,B70-208,STANDAR,EFECTIVO,miércoles
50,2025-08-06 00:00:00,NISSAN,45,CAMIONETA,BBC-136,PREMIUM,EFECTIVO,miércoles
46,2025-08-06 00:00:00,NEGRO,15,CAMIONETA,CMK-337,EXPRESS,EFECTIVO,miércoles
54,2025-08-07 00:00:00,SUZUKI,25,CAMIONETA,H2F-026,STANDAR,YAPE,jueves
56,2025-08-07 00:00:00,KIA RIO,15,CARRO,C2G-346,STANDAR,EFECTIVO,jueves
53,2025-08-07 00:00:00,PLOMO,20,CARRO,D4E-002,STANDAR,YAPE,jueves
52,2025-08-07 00:00:00,BLANCA JMC,80,CAMIONETA,BNB-355,BLACK,YAPE,jueves
55,2025-08-07 00:00:00,BLANCA,15,CAMIONETA,CSE-570,EXPRESS,EFECTIVO,jueves
59,2025-08-08 00:00:00,KIA SPORTAGE,25,CAMIONETA,BXG-270,STANDAR,YAPE,viernes
61,2025-08-08 00:00:00,MAZDA Cx3 - BLANCA,25,CAMIONETA,BJF-280,STANDAR,EFECTIVO,viernes
63,2025-08-08 00:00:00,KIA,20,CARRO,BZH-356,STANDAR,YAPE,viernes
66,2025-08-08 00:00:00,KIA SOLUTO,20,CARRO,Z6M-431,STANDAR,YAPE,viernes
62,2025-08-08 00:00:00,CHANGAN,45,CAMIONETA,CFK-583,PREMIUM,YAPE,viernes
67,2025-08-08 00:00:00,SUV ROJA,50,CAMIONETA,BV6-486,PREMIUM,EFECTIVO,viernes
68,2025-08-09 00:00:00,HIUNDAY + CERA,35,CAMIONETA,CC6-473,STANDAR,YAPE,sábado
77,2025-08-09 00:00:00,HIUNDAY SANTA FE NEGRO + CERA,35,CAMIONETA,AKS-409,STANDAR,YAPE,sábado
80,2025-08-09 00:00:00,KIA ROJO,20,CARRO,B3V/105,STANDAR,EFECTIVO,sábado
73,2025-08-09 00:00:00,MITSUBICHI NEGRO + CERA,30,CARRO,AUV-565,STANDAR,YAPE,sábado
76,2025-08-09 00:00:00,HIUNDAY NEGRO + CERA + PULVERIZADO,40,CARRO,D8B-143,STANDAR,EFECTIVO,sábado
78,2025-08-09 00:00:00,JAC BLANCA,50,CAMIONETA,H2D-390,PREMIUM,YAPE,sábado
75,2025-08-09 00:00:00,SUZUKI,50,CAMIONETA,BRX-628,PREMIUM,YAPE,sábado
70,2025-08-09 00:00:00,HIUNDAY ACCENT PLOMO,45,CARRO,FON-217,PREMIUM,EFECTIVO,sábado
69,2025-08-09 00:00:00,KIA OPTIMA NEGRO,45,CARRO,B9U-184,PREMIUM,EFECTIVO,sábado
81,2025-08-09 00:00:00,BMW,50,CARRO,PLACA DESCONOCIDA,PREMIUM,YAPE,sábado
71,2025-08-09 00:00:00,HONDA CR-V NEGRO,80,CAMIONETA,AMV-467,BLACK,EFECTIVO,sábado
72,2025-08-09 00:00:00,SUBARU NEGRO,15,CAMIONETA,CNT-383,EXPRESS,EFECTIVO,sábado
79,2025-08-09 00:00:00,KIA PICANTO,15,CARRO,CAG-097,EXPRESS,EFECTIVO,sábado
82,2025-08-09 00:00:00,KIA PICANTO PLOMO,15,CARRO,CPG-462,EXPRESS,YAPE,sábado
87,2025-08-10 00:00:00,ROJA,25,CAMIONETA,CLT-199,STANDAR,YAPE,domingo
84,2025-08-10 00:00:00,SUZUKI BLANCO,25,CAMIONETA,CTO-540,STANDAR,YAPE,domingo
90,2025-08-10 00:00:00,KIA RIO,15,CARRO,C2G-346,STANDAR,EFECTIVO,domingo
88,2025-08-10 00:00:00,NEGRO,20,CARRO,CCP-260,STANDAR,YAPE,domingo
89,2025-08-10 00:00:00,ROJO,20,CARRO,CAI-604,STANDAR,YAPE,domingo
83,2025-08-10 00:00:00,HIUNDAY NEGRO,45,CAMIONETA,AF2-472,PREMIUM,YAPE,domingo
97,2025-08-11 00:00:00,JEEP,20,CAMIONETA,CG5-395,STANDAR,YAPE,lunes
99,2025-08-11 00:00:00,JIM BLANCA,20,CAMIONETA,CDB-735,STANDAR,EFECTIVO,lunes
96,2025-08-11 00:00:00,MERCEDEZ,20,CAMIONETA,ATG-289,STANDAR,YAPE,lunes
98,2025-08-11 00:00:00,ROJA,20,CAMIONETA,ELH-370,STANDAR,EFECTIVO,lunes
100,2025-08-11 00:00:00,HIUNDAY BLANCA,50,CAMIONETA,F2V-488,PREMIUM,YAPE,lunes
95,2025-08-11 00:00:00,PEUGOT BLANCO,45,CARRO,BHH-912,PREMIUM,YAPE,lunes
105,2025-08-12 00:00:00,NEGRO,20,CAMIONETA,A3E-263,STANDAR,YAPE,martes
101,2025-08-12 00:00:00,JAC + CERA,35,CAMIONETA,CDB-618,STANDAR,YAPE,martes
103,2025-08-12 00:00:00,MAZDA Cx5 AZUL,15,CAMIONETA,BBF-323,EXPRESS,EFECTIVO,martes
109,2025-08-13 00:00:00,FORD RANGER,25,CAMIONETA,BKI-765,STANDAR,YAPE,miércoles
112,2025-08-13 00:00:00,HIUNDAY SANTA FE,25,CAMIONETA,C67-290,STANDAR,YAPE,miércoles
111,2025-08-13 00:00:00,MITSUBICHI L200,25,CAMIONETA,BLG-897,STANDAR,YAPE,miércoles
113,2025-08-13 00:00:00,SUZUKI,25,CAMIONETA,B9I-373,STANDAR,EFECTIVO,miércoles
110,2025-08-13 00:00:00,HIUNDAY NEGRO + CERA,30,CARRO,APL-295,STANDAR,EFECTIVO,miércoles
108,2025-08-13 00:00:00,JEPTOUR MORADA,45,CAMIONETA,PLACA DESCONOCIDA,PREMIUM,YAPE,miércoles
114,2025-08-14 00:00:00,HIUNDAY TUCSSON MARRON,25,CAMIONETA,PLACA DESCONOCIDA,STANDAR,EFECTIVO,jueves
119,2025-08-14 00:00:00,NEGRO,25,CAMIONETA,DOE-673,STANDAR,YAPE,jueves
118,2025-08-14 00:00:00,KIA RIO NEGRO,15,CARRO,C2G-346,STANDAR,YAPE,jueves
115,2025-08-14 00:00:00,TOYOTA AZUL,15,CARRO,DOG-,STANDAR,YAPE,jueves
121,2025-08-14 00:00:00,HONDA CR-V NEGRO,45,CAMIONETA,AMV-467,PREMIUM,EFECTIVO,jueves
120,2025-08-14 00:00:00,NEGRO,45,CAMIONETA,PLACA DESCONOCIDA,PREMIUM,YAPE,jueves
129,2025-08-15 00:00:00,BLANCA,25,CAMIONETA,BXY-569,STANDAR,YAPE,viernes
122,2025-08-15 00:00:00,KIA SOLUTO PLOMO,20,CARRO,Z6M-431,STANDAR,EFECTIVO,viernes
124,2025-08-15 00:00:00,NEGRO,20,CARRO,BZH-356,STANDAR,YAPE,viernes
131,2025-08-15 00:00:00,NEGRO,20,CARRO,ALD573,STANDAR,EFECTIVO,viernes
134,2025-08-16 00:00:00,JAC,25,CAMIONETA,BUS-316,STANDAR,EFECTIVO,sábado
137,2025-08-16 00:00:00,JAC BLANCA,25,CAMIONETA,H2D-390,STANDAR,YAPE,sábado
136,2025-08-16 00:00:00,KIA SPORTAGE ROJA,25,CAMIONETA,D4A-352,STANDAR,EFECTIVO,sábado
139,2025-08-16 00:00:00,MAZDA BLANCA,25,CAMIONETA,BJF-280,STANDAR,YAPE,sábado
135,2025-08-16 00:00:00,HIUNDAY I10 NEGRO,15,CARRO,PLACA DESCONOCIDA,STANDAR,YAPE,sábado
132,2025-08-16 00:00:00,,20,CARRO,A3L-202,STANDAR,YAPE,sábado
140,2025-08-16 00:00:00,SUZUKI MARRON,20,CARRO,AXJ-506,STANDAR,EFECTIVO,sábado
138,2025-08-16 00:00:00,NISSAN VERSA ROJO,30,CARRO,BDC-327,STANDAR,EFECTIVO,sábado
146,2025-08-17 00:00:00,MITSUBICHI + CERA,25,CAMIONETA,BCY-305,STANDAR,YAPE,domingo
145,2025-08-17 00:00:00,CHEVROLET SAIL,20,CARRO,AUV-565,STANDAR,YAPE,domingo
147,2025-08-17 00:00:00,DIE,8,CUATRIMOTO,PLACA DESCONOCIDA,STANDAR,YAPE,domingo
144,2025-08-17 00:00:00,KIA SPORTAGE,45,CAMIONETA,BRH-432,PREMIUM,YAPE,domingo
142,2025-08-17 00:00:00,,15,CARRO,B3C-105,EXPRESS,EFECTIVO,domingo
148,2025-08-17 00:00:00,SUZUKI NOMADE,12,CAMION,A2S-133,EXPRESS,EFECTIVO,domingo
152,2025-08-18 00:00:00,KIA SPORTAGE NEGRO,25,CAMIONETA,C5B-351,STANDAR,EFECTIVO,lunes
161,2025-08-18 00:00:00,SUZUKI BLANCO,25,CAMIONETA,CTO-540,STANDAR,YAPE,lunes
160,2025-08-18 00:00:00,NEGRO,15,CARRO,C2G-346,STANDAR,EFECTIVO,lunes
154,2025-08-18 00:00:00,JAC ROJO,20,CARRO,BRB-277,STANDAR,EFECTIVO,lunes
156,2025-08-18 00:00:00,HONDA CIVIC ROJO + CERA,30,CARRO,ADZ-060,STANDAR,EFECTIVO,lunes
158,2025-08-18 00:00:00,DUSTER RENAULT,45,CAMIONETA,AZ6-662,PREMIUM,YAPE,lunes
153,2025-08-18 00:00:00,KIA SPORTAGE AZUL,45,CAMIONETA,BRF-690,PREMIUM,YAPE,lunes
159,2025-08-18 00:00:00,BLANCA,15,CAMIONETA,H2F-026,EXPRESS,YAPE,lunes
162,2025-08-19 00:00:00,NISSA XTRAIL MARRÒN,20,CAMIONETA,BJG-158,STANDAR,EFECTIVO,martes
170,2025-08-19 00:00:00,PLOMA,20,CAMIONETA,CBI-702,STANDAR,EFECTIVO,martes
164,2025-08-19 00:00:00,SUZUKI ROJA,20,CAMIONETA,CLH-370,STANDAR,EFECTIVO,martes
165,2025-08-19 00:00:00,FORD RANGER,25,CAMIONETA,AL-215,STANDAR,YAPE,martes
168,2025-08-19 00:00:00,HIUNDAY ACCENT  GRIS,20,CARRO,CJO-252,STANDAR,EFECTIVO,martes
166,2025-08-19 00:00:00,CHEVROLET  + CERA,25,CARRO,COI-161,STANDAR,EFECTIVO,martes
169,2025-08-19 00:00:00,TOYOTA + CERA,30,CARRO,CJV-528,STANDAR,YAPE,martes
171,2025-08-20 00:00:00,WOLSVAGEN PLOMO + PULVERIZADO,30,CAMIONETA,TIV-940,STANDAR,EFECTIVO,miércoles
173,2025-08-20 00:00:00,KIA PICANTO MARRON + CERA,30,CARRO,AVV-148,STANDAR,YAPE,miércoles
178,2025-08-20 00:00:00,SUV JAC + CERA,30,CARRO,BPZ-228,STANDAR,YAPE,miércoles
174,2025-08-20 00:00:00,YARIS TOYOTA,30,CARRO,CJU-528,STANDAR,EFECTIVO,miércoles
181,2025-08-20 00:00:00,,10,CUATRIMOTO,PLACA DESCONOCIDA,STANDAR,EFECTIVO,miércoles
172,2025-08-20 00:00:00,HONDA Cr-V ROJO,50,CAMIONETA,BKA-552,PREMIUM,YAPE,miércoles
175,2025-08-20 00:00:00,KIA PLOMO,50,CAMIONETA,BHJ-312,PREMIUM,YAPE,miércoles
180,2025-08-20 00:00:00,MAZDA,80,CAMIONETA,CTC-580,BLACK,YAPE,miércoles
179,2025-08-20 00:00:00,HIUNDAY ACCENT,15,CARRO,CTQ-200,EXPRESS,YAPE,miércoles
183,2025-08-21 00:00:00,. +5 LIQUIDO LIMPIA VIDRIO,20,CAMIONETA,DOI-523,STANDAR,EFECTIVO,jueves
185,2025-08-21 00:00:00,CHANGAN + CERA,35,CAMIONETA,CMB-623,STANDAR,YAPE,jueves
184,2025-08-21 00:00:00,TOYOTA + CERA,30,CARRO,PLACA DESCONOCIDA,STANDAR,YAPE,jueves
187,2025-08-21 00:00:00,KIA RIO + CERA + AIRE ACONDICIONADO,80,CARRO,T2C-279,STANDAR,EFECTIVO,jueves
182,2025-08-21 00:00:00,MITSUBICHI BLANCO,20,CAMION,F1F-822,STANDAR,EFECTIVO,jueves
186,2025-08-21 00:00:00,WOLSVAGEN JETTA,45,CARRO,C2N-011,PREMIUM,EFECTIVO,jueves
196,2025-08-22 00:00:00,HIUNDAY TUCSSON,25,CAMIONETA,BJE-278,STANDAR,EFECTIVO,viernes
197,2025-08-22 00:00:00,KIA SORENTO,25,CAMIONETA,D1M-381,STANDAR,YAPE,viernes
192,2025-08-22 00:00:00,PROFE,25,CAMIONETA,PLACA DESCONOCIDA,STANDAR,YAPE,viernes
191,2025-08-22 00:00:00,SUBARU GRIS + CERA,35,CAMIONETA,AMG-156,STANDAR,YAPE,viernes
195,2025-08-22 00:00:00,KIA SPORTAGE + CERA + LAVADO DE MOTOR,45,CAMIONETA,A1Z-036,STANDAR,YAPE,viernes
194,2025-08-22 00:00:00,CHERY,20,CARRO,AAY-127,STANDAR,YAPE,viernes
189,2025-08-22 00:00:00,TOYOTA NEGRO,45,CARRO,PLACA DESCONOCIDA,PREMIUM,EFECTIVO,viernes
198,2025-08-23 00:00:00,CHERY TIGO ROJO,20,CAMIONETA,CMN-434,STANDAR,EFECTIVO,sábado
201,2025-08-23 00:00:00,GRIS,20,CARRO,PLACA DESCONOCIDA,STANDAR,EFECTIVO,sábado
209,2025-08-23 00:00:00,HIUNDAY,20,CARRO,A3L-202,STANDAR,EFECTIVO,sábado
202,2025-08-23 00:00:00,TOYOTA YARIS + CERA,30,CARRO,AED-292,STANDAR,EFECTIVO,sábado
206,2025-08-23 00:00:00,BRANCO,15,CAMION,PLACA DESCONOCIDA,STANDAR,EFECTIVO,sábado
204,2025-08-23 00:00:00,KIA SPORTAGE,50,CAMIONETA,B3Q-161,PREMIUM,EFECTIVO,sábado
199,2025-08-23 00:00:00,CHANGAN BLANCA + PULIDOR,55,CAMIONETA,CPL-606,PREMIUM,EFECTIVO,sábado
221,2025-08-24 00:00:00,KIA SORENTO + CERA,30,CAMIONETA,BAS-357,STANDAR,EFECTIVO,domingo
210,2025-08-24 00:00:00,GWM GRIS + CERA,35,CAMIONETA,CAL-718,STANDAR,EFECTIVO,domingo
219,2025-08-24 00:00:00,KIA RIO NEGRO,0,CARRO,C2G-346,STANDAR,GRATIS,domingo
217,2025-08-24 00:00:00,CHEVROLET,20,CARRO,AUV-565,STANDAR,EFECTIVO,domingo
222,2025-08-24 00:00:00,HIUNDAY ACCENT,20,CARRO,CRJ-223,STANDAR,EFECTIVO,domingo
218,2025-08-24 00:00:00,TOYOTA + CERA,25,CARRO,BEH-456,STANDAR,YAPE,domingo
220,2025-08-24 00:00:00,KIA SPORTAGE,45,CAMIONETA,BRH-432,PREMIUM,YAPE,domingo
216,2025-08-24 00:00:00,FORD TERRITORY,50,CAMIONETA,CRN-283,PREMIUM,YAPE,domingo
223,2025-08-24 00:00:00,KIA CERATO,45,CARRO,BLD-639,PREMIUM,YAPE,domingo
214,2025-08-24 00:00:00,JEPTOUR,15,CAMIONETA,CHZ-524,EXPRESS,EFECTIVO,domingo
233,2025-08-25 00:00:00,HIUNDAY CRETA NEGRO + CERA,35,CAMIONETA,CCG-473,STANDAR,EFECTIVO,lunes
230,2025-08-25 00:00:00,SUZUKI PLOMA + CERA + PULVERIZADO,40,CAMIONETA,BIG-559,STANDAR,YAPE,lunes
236,2025-08-25 00:00:00,HIUNDAY ACCENT,20,CARRO,CTQ-200,STANDAR,YAPE,lunes
224,2025-08-25 00:00:00,MAZDA AZUL,20,CARRO,ASJ-285,STANDAR,YAPE,lunes
234,2025-08-25 00:00:00,SUZUKI,20,CARRO,AXJ-506,STANDAR,YAPE,lunes
228,2025-08-25 00:00:00,KIA SOLUTO + PULIDO + CERA + PULVERIZADO,50,CARRO,Z6M-431,STANDAR,YAPE,lunes
225,2025-08-25 00:00:00,KIA OPTIMA NEGRO,45,CARRO,B9U-184,PREMIUM,EFECTIVO,lunes
235,2025-08-25 00:00:00,TOYOTA NEGRO + WHEEL X,55,CARRO,CJU-528,PREMIUM,EFECTIVO,lunes
229,2025-08-25 00:00:00,KIA SELTOS BLANCA,10,CAMIONETA,CBM-343,EXPRESS,YAPE,lunes
226,2025-08-25 00:00:00,MAZDA PLOMO,15,CARRO,D7M-575,EXPRESS,YAPE,lunes
242,2025-08-26 00:00:00,BEJING ROJO,25,CAMIONETA,BWN-522,STANDAR,YAPE,martes
239,2025-08-26 00:00:00,HIUNDAY TUCCSON,25,CAMIONETA,B2J-013,STANDAR,EFECTIVO,martes
243,2025-08-26 00:00:00,HONDA CR-V,25,CAMIONETA,F4S-553,STANDAR,EFECTIVO,martes
237,2025-08-26 00:00:00,WOLSVAGEN GOL,20,CARRO,B3K-429,STANDAR,YAPE,martes
238,2025-08-26 00:00:00,TOYOTA COROLA PLOMO,30,CARRO,B6V-698,STANDAR,YAPE,martes
244,2025-08-26 00:00:00,KIA SPORTAGE AZUL,45,CAMIONETA,BRF-690,PREMIUM,YAPE,martes
241,2025-08-26 00:00:00,KIA RIO NEGRO KEVIN,30,CARRO,BZH-356,PREMIUM,YAPE,martes
240,2025-08-26 00:00:00,GWM AZUL,15,CAMIONETA,B5V-811,EXPRESS,EFECTIVO,martes
249,2025-08-27 00:00:00,GLORY NEGRA,25,CAMIONETA,BYN-426,STANDAR,YAPE,miércoles
247,2025-08-27 00:00:00,MAZDA BLANCA,25,CAMIONETA,BJF-280,STANDAR,YAPE,miércoles
248,2025-08-27 00:00:00,MITSUBICHI PLOMA,25,CAMIONETA,BJD-759,STANDAR,YAPE,miércoles
250,2025-08-27 00:00:00,CHERY,45,CAMIONETA,CEK-557,PREMIUM,YAPE,miércoles
245,2025-08-27 00:00:00,JEPTOUR MORADA,0,CARRO,CKH-295,EXPRESS,GRATIS,miércoles
251,2025-08-28 00:00:00,,25,CAMIONETA,PLACA DESCONOCIDA,STANDAR,EFECTIVO,jueves
253,2025-08-28 00:00:00,HIUNDAY,20,CARRO,A3L-202,STANDAR,EFECTIVO,jueves
252,2025-08-28 00:00:00,NEGRO + CERA,30,CARRO,APL-295,STANDAR,EFECTIVO,jueves
256,2025-08-28 00:00:00,NEGRO,45,CARRO,CJU-528,PREMIUM,EFECTIVO,jueves
264,2025-08-29 00:00:00,MAZDA + CERA,35,CAMIONETA,PLACA DESCONOCIDA,STANDAR,YAPE,viernes
259,2025-08-29 00:00:00,TOYOTA + CERA,35,CAMIONETA,CSE-570,STANDAR,YAPE,viernes
260,2025-08-29 00:00:00,KIA RIO,15,CARRO,C2G-346,STANDAR,YAPE,viernes
257,2025-08-29 00:00:00,KIA K3,45,CARRO,CPO-570,PREMIUM,YAPE,viernes
263,2025-08-29 00:00:00,CHANGAN,80,CAMIONETA,CPL-606,BLACK,EFECTIVO,viernes
277,2025-08-30 00:00:00,FORD RANGER,25,CAMIONETA,BKI-765,STANDAR,YAPE,sábado
266,2025-08-30 00:00:00,HIUNDAY + CERA,35,CAMIONETA,AKS-409,STANDAR,YAPE,sábado
268,2025-08-30 00:00:00,NEGRO,20,CARRO,AUV-565,STANDAR,YAPE,sábado
276,2025-08-30 00:00:00,SUZUKI HIBRIDO,20,CARRO,CSF-345,STANDAR,EFECTIVO,sábado
282,2025-08-30 00:00:00,HONDA CIVIC ROJO + CERA,30,CARRO,ADZ-060,STANDAR,YAPE,sábado
272,2025-08-30 00:00:00,KIA RIO + PULVERIZADO DE MOTOR,30,CARRO,B5W-186,STANDAR,EFECTIVO,sábado
267,2025-08-30 00:00:00,ROJO + CERA,30,CARRO,C4Z-096,STANDAR,EFECTIVO,sábado
279,2025-08-30 00:00:00,TOYOTA + CERA,30,CARRO,CJU-528,STANDAR,EFECTIVO,sábado
271,2025-08-30 00:00:00,TOYOTA COROLA + CERA,50,CARRO,A7Q-532,STANDAR,EFECTIVO,sábado
273,2025-08-30 00:00:00,KIA,45,CAMIONETA,CAD-415,PREMIUM,EFECTIVO,sábado
281,2025-08-30 00:00:00,MG,50,CAMIONETA,BNY-113,PREMIUM,EFECTIVO,sábado
278,2025-08-30 00:00:00,KIA,40,CARRO,T2C-279,PREMIUM,EFECTIVO,sábado
270,2025-08-30 00:00:00,NISSAN,15,CAMIONETA,BBC-136,EXPRESS,EFECTIVO,sábado
292,2025-08-31 00:00:00,MITSUBICHI,25,CAMIONETA,T7J-515,STANDAR,YAPE,domingo
286,2025-08-31 00:00:00,NEGRO,20,CARRO,BMA-535,STANDAR,EFECTIVO,domingo
291,2025-08-31 00:00:00,KIA + CERA,30,CARRO,A8K-206,STANDAR,EFECTIVO,domingo
288,2025-08-31 00:00:00,TOYOTA YARIS,45,CARRO,DOZ-024,PREMIUM,YAPE,domingo
285,2025-08-31 00:00:00,KIA GRIS + COBERTOR,55,CARRO,C2A-427,PREMIUM,EFECTIVO,domingo
287,2025-08-31 00:00:00,GRIS,15,CAMIONETA,BNC-576,EXPRESS,YAPE,domingo
